,Date,Mean_Mahalanobis,Failure
0,2004-02-13 23:52:39,1.0326759949085211,False
1,2004-02-14 00:02:39,1.1481629321334443,False
2,2004-02-14 00:12:39,1.5099979067321305,False
3,2004-02-14 00:22:39,1.8497246384634198,False
4,2004-02-14 00:32:39,0.7010751864828413,False
5,2004-02-14 00:42:39,0.9903496793504566,False
6,2004-02-14 00:52:39,2.517324229519347,False
7,2004-02-14 01:02:39,2.133538028079047,False
8,2004-02-14 01:12:39,2.3822701620216673,False
9,2004-02-14 01:22:39,2.6373673644879427,False
10,2004-02-14 01:32:39,1.5195424884019095,False
11,2004-02-14 01:42:39,1.2556800949523037,False
12,2004-02-14 01:52:39,0.43589436025716494,False
13,2004-02-14 02:02:39,0.802289070632001,False
14,2004-02-14 02:12:39,1.791624699478792,False
15,2004-02-14 02:22:39,1.1028136573486957,False
16,2004-02-14 02:32:39,0.8717461793806398,False
17,2004-02-14 02:42:39,1.4611989414478994,False
18,2004-02-14 02:52:39,1.7070263769896148,False
19,2004-02-14 03:02:39,2.4699111935154305,False
20,2004-02-14 03:12:39,1.3466431441285276,False
21,2004-02-14 03:22:39,0.6203886660419431,False
22,2004-02-14 03:32:39,0.9262896327560814,False
23,2004-02-14 03:42:39,2.3179269566134653,False
24,2004-02-14 03:52:39,0.7467221124671413,False
25,2004-02-14 04:02:39,1.738735862513269,False
26,2004-02-14 04:12:39,2.0832688456511046,False
27,2004-02-14 04:22:39,2.08058719498074,False
28,2004-02-14 04:32:39,0.13984054586743386,False
29,2004-02-14 04:42:39,1.0547066268804928,False
30,2004-02-14 04:52:39,1.1706844318565897,False
31,2004-02-14 05:02:39,1.427733504021874,False
32,2004-02-14 05:12:39,1.332733966925743,False
33,2004-02-14 05:22:39,2.0853128331267543,False
34,2004-02-14 05:32:39,2.2644902788141277,False
35,2004-02-14 05:42:39,0.2712228484114434,False
36,2004-02-14 05:52:39,1.3406574126076094,False
37,2004-02-14 06:02:39,1.0381585988304094,False
38,2004-02-14 06:12:39,1.0462328584825462,False
39,2004-02-14 06:22:39,2.147146382545549,False
40,2004-02-14 06:32:39,1.4369482026209288,False
41,2004-02-14 06:42:39,0.18207887390217495,False
42,2004-02-14 06:52:39,0.9873209522579887,False
43,2004-02-14 07:02:39,1.5579203547912959,False
44,2004-02-14 07:12:39,0.3959785929098703,False
45,2004-02-14 07:22:39,1.141960340706644,False
46,2004-02-14 07:32:39,2.079643639458684,False
47,2004-02-14 07:42:39,1.390846407389232,False
48,2004-02-14 07:52:39,2.50463869420588,False
49,2004-02-14 08:02:39,1.4535614920493474,False
50,2004-02-14 08:12:39,0.18941903364905,False
51,2004-02-14 08:22:39,1.5748822433687295,False
52,2004-02-14 08:32:39,0.5432971087317804,False
53,2004-02-14 08:42:39,1.8253324735959966,False
54,2004-02-14 08:52:39,1.1748518356685733,False
55,2004-02-14 09:02:39,2.52342684388656,False
56,2004-02-14 09:12:39,1.154448740897062,False
57,2004-02-14 09:22:39,1.1543433693460394,False
58,2004-02-14 09:32:39,2.069782971852487,False
59,2004-02-14 09:42:39,1.0850341140758564,False
60,2004-02-14 09:52:39,1.4422180657815906,False
61,2004-02-14 10:02:39,2.3171635957346353,False
62,2004-02-14 10:12:39,0.7371099588138917,False
63,2004-02-14 10:22:39,2.0808029170322175,False
64,2004-02-14 10:32:39,0.962097822622229,False
65,2004-02-14 10:42:39,2.129311001734903,False
66,2004-02-14 10:52:39,1.9522720011168777,False
67,2004-02-14 11:02:39,1.1557389928505488,False
68,2004-02-14 11:12:39,1.609884903207084,False
69,2004-02-14 11:22:39,1.4661878919645932,False
70,2004-02-14 11:32:39,1.772279774365518,False
71,2004-02-14 11:42:39,1.721618395672155,False
72,2004-02-14 11:52:39,1.2955312731642041,False
73,2004-02-14 12:02:39,0.9914533294524353,False
74,2004-02-14 12:12:39,1.948080932018783,False
75,2004-02-14 12:22:39,0.5586605337115285,False
76,2004-02-14 12:32:39,1.0496330103313265,False
77,2004-02-14 12:42:39,1.4029998283218907,False
78,2004-02-14 12:52:39,1.9496839742424412,False
79,2004-02-14 13:02:39,1.6408899968896675,False
80,2004-02-14 13:12:39,0.8155860848932801,False
81,2004-02-14 13:22:39,2.3396130884560824,False
82,2004-02-14 13:32:39,1.7070209930609852,False
83,2004-02-14 13:42:39,1.2685048360837816,False
84,2004-02-14 13:52:39,2.1113551199290406,False
85,2004-02-14 14:02:39,3.078937938953164,False
86,2004-02-14 14:12:39,0.6663087740280137,False
87,2004-02-14 14:22:39,1.0042056550714216,False
88,2004-02-14 14:32:39,2.0021864382250594,False
89,2004-02-14 14:42:39,2.8584000765069533,False
90,2004-02-14 14:52:39,1.165038941244452,False
91,2004-02-14 15:02:39,1.9048748373132447,False
92,2004-02-14 15:12:39,0.9304970692458465,False
93,2004-02-14 15:22:39,1.7148671406362666,False
94,2004-02-14 15:32:39,1.3106080026965248,False
95,2004-02-14 15:42:39,2.138841608783819,False
96,2004-02-14 15:52:39,0.723328488168254,False
97,2004-02-14 16:02:39,0.8618934210581328,False
98,2004-02-14 16:12:39,2.3203239851849866,False
99,2004-02-14 16:22:39,1.2706552854539324,False
100,2004-02-14 16:32:39,0.8327311665857912,False
101,2004-02-14 16:42:39,1.4315803405379914,False
102,2004-02-14 16:52:39,1.1522608718806833,False
103,2004-02-14 17:02:39,1.5728247812822993,False
104,2004-02-14 17:12:39,0.6110590427599063,False
105,2004-02-14 17:22:39,1.0899164450007433,False
106,2004-02-14 17:32:39,1.4936819568383946,False
107,2004-02-14 17:42:39,1.3425449144758739,False
108,2004-02-14 17:52:39,3.0923902519845963,False
109,2004-02-14 18:02:39,2.7495214871667732,False
110,2004-02-14 18:12:39,2.0615817570635895,False
111,2004-02-14 18:22:39,1.3404682663043577,False
112,2004-02-14 18:32:39,2.503285095790025,False
113,2004-02-14 18:42:39,1.053176432194551,False
114,2004-02-14 18:52:39,1.6043562739018307,False
115,2004-02-14 19:02:39,0.48134580391033605,False
116,2004-02-14 19:12:39,2.497866571356912,False
117,2004-02-14 19:22:39,1.8153318859008998,False
118,2004-02-14 19:32:39,1.737361084001391,False
119,2004-02-14 19:42:39,0.9031530674052743,False
120,2004-02-14 19:52:39,2.2121776523496797,False
121,2004-02-14 20:02:39,0.9242457150151931,False
122,2004-02-14 20:12:39,1.0919400683074911,False
123,2004-02-14 20:22:39,0.945019525387996,False
124,2004-02-14 20:32:39,2.1115654078291284,False
125,2004-02-14 20:42:39,2.1685624469651903,False
126,2004-02-14 20:52:39,3.1623686599800593,False
127,2004-02-14 21:02:39,1.491146097071044,False
128,2004-02-14 21:12:39,0.7992842135608902,False
129,2004-02-14 21:22:39,1.9320955870369647,False
130,2004-02-14 21:32:39,1.5093568386364793,False
131,2004-02-14 21:42:39,2.863900063514491,False
132,2004-02-14 21:52:39,0.34022256834570164,False
133,2004-02-14 22:02:39,1.0663212119066205,False
134,2004-02-14 22:12:39,1.6325751025246826,False
135,2004-02-14 22:22:39,1.5204666682706358,False
136,2004-02-14 22:32:39,1.6022315204711162,False
137,2004-02-14 22:42:39,3.1597580796075633,False
138,2004-02-14 22:52:39,1.7306517149089526,False
139,2004-02-14 23:02:39,1.3224396625251527,False
140,2004-02-14 23:12:39,1.139372547444224,False
141,2004-02-14 23:22:39,1.2004431821404669,False
142,2004-02-14 23:32:39,1.6374762574489647,False
143,2004-02-14 23:42:39,0.34730627266830044,False
144,2004-02-14 23:52:39,2.0792383119016837,False
145,2004-02-15 00:02:39,1.1353912095457073,False
146,2004-02-15 00:12:39,2.1400123059441043,False
147,2004-02-15 00:22:39,3.5430538136184078,False
148,2004-02-15 00:32:39,2.259913868024417,False
149,2004-02-15 00:42:39,1.2872872176984635,False
150,2004-02-15 00:52:39,1.2589329922639072,False
151,2004-02-15 01:02:39,1.3681778324478313,False
152,2004-02-15 01:12:39,3.1751289981421866,False
153,2004-02-15 01:22:39,2.2015594481995793,False
154,2004-02-15 01:32:39,2.2430692718472254,False
155,2004-02-15 01:42:39,2.3187165734635227,False
156,2004-02-15 01:52:39,1.2728659453411222,False
157,2004-02-15 02:02:39,0.23050385144920432,False
158,2004-02-15 02:12:39,1.314069923389381,False
159,2004-02-15 02:22:39,1.69629561474141,False
160,2004-02-15 02:32:39,2.612812122677199,False
161,2004-02-15 02:42:39,1.7910990302089906,False
162,2004-02-15 02:52:39,2.00218446168712,False
163,2004-02-15 03:02:39,3.132478795800442,False
164,2004-02-15 03:12:39,2.301081691096175,False
165,2004-02-15 03:22:39,0.8339892095518973,False
166,2004-02-15 03:32:39,1.6781424612390399,False
167,2004-02-15 03:42:39,1.2310152841463322,False
168,2004-02-15 03:52:39,0.9080223998930167,False
169,2004-02-15 04:02:39,0.8771876923642503,False
170,2004-02-15 04:12:39,0.6355715377313937,False
171,2004-02-15 04:22:39,1.651859053478003,False
172,2004-02-15 04:32:39,1.3880247293524162,False
173,2004-02-15 04:42:39,1.0497510609800955,False
174,2004-02-15 04:52:39,3.7065733781201553,False
175,2004-02-15 05:02:39,1.0145036898309079,False
176,2004-02-15 05:12:39,1.2865979582576488,False
177,2004-02-15 05:22:39,2.9417966135994145,False
178,2004-02-15 05:32:39,1.7326695454817411,False
179,2004-02-15 05:42:39,4.17794357506858,True
180,2004-02-15 05:52:39,2.3544942447253208,False
181,2004-02-15 06:02:39,1.8869924927262531,False
182,2004-02-15 06:12:39,1.9803699087727642,False
183,2004-02-15 06:22:39,2.5994898716514885,False
184,2004-02-15 06:32:39,1.9008695443312236,False
185,2004-02-15 06:42:39,2.4546321170917835,False
186,2004-02-15 06:52:39,1.7623043925734605,False
187,2004-02-15 07:02:39,1.8614962258843002,False
188,2004-02-15 07:12:39,1.9846187082318498,False
189,2004-02-15 07:22:39,2.8161738489277797,False
190,2004-02-15 07:32:39,1.325213068686882,False
191,2004-02-15 07:42:39,1.347141162158196,False
192,2004-02-15 07:52:39,1.8561106012866087,False
193,2004-02-15 08:02:39,1.5224061509538496,False
194,2004-02-15 08:12:39,1.922783861546051,False
195,2004-02-15 08:22:39,2.7088105182880478,False
196,2004-02-15 08:32:39,1.708005141452672,False
197,2004-02-15 08:42:39,0.9281295798631841,False
198,2004-02-15 08:52:39,1.5108096515249796,False
199,2004-02-15 09:02:39,1.0823297643521403,False
200,2004-02-15 09:12:39,2.138317653707657,False
201,2004-02-15 09:22:39,1.0664818911163478,False
202,2004-02-15 09:32:39,1.8518466125226019,False
203,2004-02-15 09:42:39,2.0159876347983006,False
204,2004-02-15 09:52:39,3.0826255110561864,False
205,2004-02-15 10:02:39,1.4002801600499029,False
206,2004-02-15 10:12:39,1.395052130918529,False
207,2004-02-15 10:22:39,1.453808708003045,False
208,2004-02-15 10:32:39,1.6479924954619876,False
209,2004-02-15 10:42:39,2.581351642145496,False
210,2004-02-15 10:52:39,1.110681348893755,False
211,2004-02-15 11:02:39,1.0911236590115763,False
212,2004-02-15 11:12:39,1.8680007953029456,False
213,2004-02-15 11:22:39,2.2209531766519524,False
214,2004-02-15 11:32:39,2.5900042981057783,False
215,2004-02-15 11:42:39,1.2736439620248796,False
216,2004-02-15 11:52:39,1.1479641139007113,False
217,2004-02-15 12:02:39,1.596208069645587,False
218,2004-02-15 12:12:39,1.9784588661136984,False
219,2004-02-15 12:22:39,1.0919312387189801,False
220,2004-02-15 12:32:39,2.3987162942875644,False
221,2004-02-15 12:42:39,0.19334232547998526,False
222,2004-02-15 12:52:39,1.2849059974933341,False
223,2004-02-15 13:02:39,2.1399318643199146,False
224,2004-02-15 13:12:39,2.5066353608544834,False
225,2004-02-15 13:22:39,2.0274188597103313,False
226,2004-02-15 13:32:39,1.5907594600380799,False
227,2004-02-15 13:42:39,0.3812192060536172,False
228,2004-02-15 13:52:39,1.869641424408785,False
229,2004-02-15 14:02:39,0.3310326520423032,False
230,2004-02-15 14:12:39,0.48744994396419056,False
231,2004-02-15 14:22:39,1.625042306690902,False
232,2004-02-15 14:32:39,2.4305142808150664,False
233,2004-02-15 14:42:39,1.6695808034234876,False
234,2004-02-15 14:52:39,2.170151134026076,False
235,2004-02-15 15:02:39,0.9415840714144428,False
236,2004-02-15 15:12:39,1.6522628100985841,False
237,2004-02-15 15:22:39,1.8496235394145994,False
238,2004-02-15 15:32:39,0.4983373579427169,False
239,2004-02-15 15:42:39,1.6806533812112068,False
240,2004-02-15 15:52:39,1.6973388254995816,False
241,2004-02-15 16:02:39,2.6980003842805846,False
242,2004-02-15 16:12:39,1.3385145821498123,False
243,2004-02-15 16:22:39,2.126923352258969,False
244,2004-02-15 16:32:39,0.628067042859165,False
245,2004-02-15 16:42:39,3.0929777913897314,False
246,2004-02-15 16:52:39,1.1839586500059702,False
247,2004-02-15 17:02:39,2.2934146190294546,False
248,2004-02-15 17:12:39,1.2495762101657788,False
249,2004-02-15 17:22:39,2.5956321325600484,False
250,2004-02-15 17:32:39,0.8386982244372534,False
251,2004-02-15 17:42:39,1.3286302370010208,False
252,2004-02-15 17:52:39,1.4086730073497358,False
253,2004-02-15 18:02:39,1.9044772650945807,False
254,2004-02-15 18:12:39,2.004809468614526,False
255,2004-02-15 18:22:39,1.4468728235193176,False
256,2004-02-15 18:32:39,2.63870762214779,False
257,2004-02-15 18:42:39,1.7195702496033731,False
258,2004-02-15 18:52:39,2.1444365430777377,False
259,2004-02-15 19:02:39,2.5514153382260303,False
260,2004-02-15 19:12:39,1.9039863867978946,False
261,2004-02-15 19:22:39,1.863213203693982,False
262,2004-02-15 19:32:39,2.164994922558769,False
263,2004-02-15 19:42:39,2.253761123268802,False
264,2004-02-15 19:52:39,0.8033925452869567,False
265,2004-02-15 20:02:39,3.103604623034752,False
266,2004-02-15 20:12:39,3.304065935847678,False
267,2004-02-15 20:22:39,1.9484718379438664,False
268,2004-02-15 20:32:39,2.049951870018908,False
269,2004-02-15 20:42:39,1.6418986832218934,False
270,2004-02-15 20:52:39,3.0621455275118463,False
271,2004-02-15 21:02:39,2.062153419809008,False
272,2004-02-15 21:12:39,1.9195761175375008,False
273,2004-02-15 21:22:39,1.8216930283306019,False
274,2004-02-15 21:32:39,1.6070278735251087,False
275,2004-02-15 21:42:39,2.418933653697816,False
276,2004-02-15 21:52:39,2.944601940516882,False
277,2004-02-15 22:02:39,1.7699613072532332,False
278,2004-02-15 22:12:39,1.1481551360825943,False
279,2004-02-15 22:22:39,1.0776692770264362,False
280,2004-02-15 22:32:39,1.4652260839252542,False
281,2004-02-15 22:42:39,0.9023060013277231,False
282,2004-02-15 22:52:39,1.3815489662721463,False
283,2004-02-15 23:02:39,0.5641466789804263,False
284,2004-02-15 23:12:39,0.5309357673161494,False
285,2004-02-15 23:22:39,1.1883063477252762,False
286,2004-02-15 23:32:39,1.389638865302906,False
287,2004-02-15 23:42:39,1.8850311351542703,False
288,2004-02-15 23:52:39,1.4054788339784496,False
289,2004-02-16 00:02:39,1.5467929606195474,False
290,2004-02-16 00:12:39,1.441203323978782,False
291,2004-02-16 00:22:39,1.591695275439293,False
292,2004-02-16 00:32:39,1.3845958586025955,False
293,2004-02-16 00:42:39,1.0158906329022543,False
294,2004-02-16 00:52:39,2.83376792207734,False
295,2004-02-16 01:02:39,1.3564744708805758,False
296,2004-02-16 01:12:39,0.4656529814867022,False
297,2004-02-16 01:22:39,2.5196884500648062,False
298,2004-02-16 01:32:39,1.2609641616688154,False
299,2004-02-16 01:42:39,1.2880598148471885,False
300,2004-02-16 01:52:39,0.9316813328219352,False
301,2004-02-16 02:02:39,2.294946689479725,False
302,2004-02-16 02:12:39,1.1461423030744526,False
303,2004-02-16 02:22:39,0.9328117948251774,False
304,2004-02-16 02:32:39,0.920167901637005,False
305,2004-02-16 02:42:39,1.8335487504237293,False
306,2004-02-16 02:52:39,1.71114621635165,False
307,2004-02-16 03:02:39,1.7163038966593505,False
308,2004-02-16 03:12:39,1.7990212802787502,False
309,2004-02-16 03:22:39,2.602257693021904,False
310,2004-02-16 03:32:39,1.6175595036078334,False
311,2004-02-16 03:42:39,1.7944573234975014,False
312,2004-02-16 03:52:39,1.8120858718846538,False
313,2004-02-16 04:02:39,1.712334786438064,False
314,2004-02-16 04:12:39,5.031201209137693,True
315,2004-02-16 04:22:39,3.6819884675515935,False
316,2004-02-16 04:32:39,1.5981579130571082,False
317,2004-02-16 04:42:39,1.7297475134500702,False
318,2004-02-16 04:52:39,1.9985680799685182,False
319,2004-02-16 05:02:39,2.614594475271738,False
320,2004-02-16 05:12:39,1.2926570695936148,False
321,2004-02-16 05:22:39,2.7905032038289797,False
322,2004-02-16 05:32:39,1.9045060526942852,False
323,2004-02-16 05:42:39,2.726808337321982,False
324,2004-02-16 05:52:39,2.868094881734228,False
325,2004-02-16 06:02:39,3.5231518032933815,False
326,2004-02-16 06:12:39,4.834599217505205,True
327,2004-02-16 06:22:39,3.166854533984981,False
328,2004-02-16 06:32:39,3.3751776938893148,False
329,2004-02-16 06:42:39,2.7424865541244388,False
330,2004-02-16 06:52:39,4.101355181514217,True
331,2004-02-16 07:02:39,3.3775408435727394,False
332,2004-02-16 07:12:39,1.729078018388416,False
333,2004-02-16 07:22:39,4.241496642858748,True
334,2004-02-16 07:32:39,1.997160852448991,False
335,2004-02-16 07:42:39,3.458069278810725,False
336,2004-02-16 07:52:39,3.957647801011015,True
337,2004-02-16 08:02:39,3.1379112073244477,False
338,2004-02-16 08:12:39,3.31221935120411,False
339,2004-02-16 08:22:39,3.807969375290399,True
340,2004-02-16 08:32:39,2.5173522913374753,False
341,2004-02-16 08:42:39,3.3273202653582192,False
342,2004-02-16 08:52:39,4.120311852774596,True
343,2004-02-16 09:02:39,2.4250439011153966,False
344,2004-02-16 09:12:39,2.576765969541165,False
345,2004-02-16 09:22:39,3.933606417621051,True
346,2004-02-16 09:32:39,3.712491149689327,False
347,2004-02-16 09:42:39,4.275180461090152,True
348,2004-02-16 09:52:39,2.913024636763898,False
349,2004-02-16 10:02:39,3.790568684081949,True
350,2004-02-16 10:12:39,3.5773033638180256,False
351,2004-02-16 10:22:39,4.954350266522431,True
352,2004-02-16 10:32:39,3.1458095838634317,False
353,2004-02-16 10:42:39,3.470221694847185,False
354,2004-02-16 10:52:39,3.394600212905675,False
355,2004-02-16 11:02:39,5.902457639474628,True
356,2004-02-16 11:12:39,3.8013631259229355,True
357,2004-02-16 11:22:39,4.852468476334989,True
358,2004-02-16 11:32:39,3.5612690925217847,False
359,2004-02-16 11:42:39,5.762231926776493,True
360,2004-02-16 11:52:39,3.3196484421637713,False
361,2004-02-16 12:02:39,3.6346973815879036,False
362,2004-02-16 12:12:39,5.136624240423138,True
363,2004-02-16 12:22:39,5.677284638806192,True
364,2004-02-16 12:32:39,3.7122750900319215,False
365,2004-02-16 12:42:39,5.503024596655821,True
366,2004-02-16 12:52:39,4.337985164345199,True
367,2004-02-16 13:02:39,3.396628873876273,False
368,2004-02-16 13:12:39,4.07431745851001,True
369,2004-02-16 13:22:39,5.283863181776141,True
370,2004-02-16 13:32:39,5.707765684186023,True
371,2004-02-16 13:42:39,4.218199088036555,True
372,2004-02-16 13:52:39,4.537959528625086,True
373,2004-02-16 14:02:39,5.309753347410108,True
374,2004-02-16 14:12:39,4.960754139212914,True
375,2004-02-16 14:22:39,4.916308866332757,True
376,2004-02-16 14:32:39,5.246158232286663,True
377,2004-02-16 14:42:39,5.051719856611937,True
378,2004-02-16 14:52:39,4.597101279323859,True
379,2004-02-16 15:02:39,4.970864461933184,True
380,2004-02-16 15:12:39,4.487449076247068,True
381,2004-02-16 15:22:39,6.143729469926568,True
382,2004-02-16 15:32:39,4.778928513007129,True
383,2004-02-16 15:42:39,6.162027322939941,True
384,2004-02-16 15:52:39,7.13603912783657,True
385,2004-02-16 16:02:39,6.4381868964943125,True
386,2004-02-16 16:12:39,7.45866090659961,True
387,2004-02-16 16:22:39,5.810101397115783,True
388,2004-02-16 16:32:39,6.492014818672333,True
389,2004-02-16 16:42:39,6.652043902188198,True
390,2004-02-16 16:52:39,7.536788418074618,True
391,2004-02-16 17:02:39,7.1201996212986,True
392,2004-02-16 17:12:39,6.230675053841134,True
393,2004-02-16 17:22:39,7.246636377101085,True
394,2004-02-16 17:32:39,7.4595183338798,True
395,2004-02-16 17:42:39,6.759396334753904,True
396,2004-02-16 17:52:39,4.441433424996694,True
397,2004-02-16 18:02:39,8.770906794958286,True
398,2004-02-16 18:12:39,6.4433868579765345,True
399,2004-02-16 18:22:39,6.759082237293905,True
400,2004-02-16 18:32:39,7.6759764689651195,True
401,2004-02-16 18:42:39,6.944726308735619,True
402,2004-02-16 18:52:39,6.559258014757341,True
403,2004-02-16 19:02:39,6.435457960728748,True
404,2004-02-16 19:12:39,7.763473490633507,True
405,2004-02-16 19:22:39,6.770476782242618,True
406,2004-02-16 19:32:39,5.64148328624435,True
407,2004-02-16 19:42:39,7.562130974703544,True
408,2004-02-16 19:52:39,8.152927238936307,True
409,2004-02-16 20:02:39,5.431236478171381,True
410,2004-02-16 20:12:39,7.234756678633648,True
411,2004-02-16 20:22:39,6.564361718088943,True
412,2004-02-16 20:32:39,6.86073637166295,True
413,2004-02-16 20:42:39,7.091701614199721,True
414,2004-02-16 20:52:39,6.27735311522364,True
415,2004-02-16 21:02:39,7.732534136640685,True
416,2004-02-16 21:12:39,7.393803034578074,True
417,2004-02-16 21:22:39,7.54806495851042,True
418,2004-02-16 21:32:39,7.881735452659288,True
419,2004-02-16 21:42:39,6.90883077001843,True
420,2004-02-16 21:52:39,7.210881527150607,True
421,2004-02-16 22:02:39,7.203880845240926,True
422,2004-02-16 22:12:39,7.917519380486642,True
423,2004-02-16 22:22:39,9.691872619405377,True
424,2004-02-16 22:32:39,10.65204182085813,True
425,2004-02-16 22:42:39,10.390481305601817,True
426,2004-02-16 22:52:39,11.203638102154363,True
427,2004-02-16 23:02:39,10.295897897809832,True
428,2004-02-16 23:12:39,9.772806877747286,True
429,2004-02-16 23:22:39,11.18248561062326,True
430,2004-02-16 23:32:39,10.437656478670116,True
431,2004-02-16 23:42:39,9.569587336717879,True
432,2004-02-16 23:52:39,10.771376162698816,True
433,2004-02-17 00:02:39,11.197802501189477,True
434,2004-02-17 00:12:39,10.122742046656004,True
435,2004-02-17 00:22:39,11.276869656203552,True
436,2004-02-17 00:32:39,10.776017973902356,True
437,2004-02-17 00:42:39,11.128760117867499,True
438,2004-02-17 00:52:39,12.554243173946642,True
439,2004-02-17 01:02:39,9.901637354802672,True
440,2004-02-17 01:12:39,9.603111702365323,True
441,2004-02-17 01:22:39,10.995376615729285,True
442,2004-02-17 01:32:39,12.181223070313624,True
443,2004-02-17 01:42:39,9.888016169629848,True
444,2004-02-17 01:52:39,9.283752193383819,True
445,2004-02-17 02:02:39,11.159681679532431,True
446,2004-02-17 02:12:39,11.131695332030953,True
447,2004-02-17 02:22:39,10.735659829450672,True
448,2004-02-17 02:32:39,10.095330836594112,True
449,2004-02-17 02:42:39,9.935943018649157,True
450,2004-02-17 02:52:39,10.78464579736271,True
451,2004-02-17 03:02:39,9.352303465486607,True
452,2004-02-17 03:12:39,9.806799836067109,True
453,2004-02-17 03:22:39,11.274554369019803,True
454,2004-02-17 03:32:39,11.138401444557262,True
455,2004-02-17 03:42:39,9.738795708512113,True
456,2004-02-17 03:52:39,10.368140132511042,True
457,2004-02-17 04:02:39,9.355175361259576,True
458,2004-02-17 04:12:39,10.065063687308356,True
459,2004-02-17 04:22:39,10.281996502150132,True
460,2004-02-17 04:32:39,10.637759413872695,True
461,2004-02-17 04:42:39,10.340766270435541,True
462,2004-02-17 04:52:39,11.468861520342868,True
463,2004-02-17 05:02:39,9.869757491211326,True
464,2004-02-17 05:12:39,11.678559726792493,True
465,2004-02-17 05:22:39,11.056958974931034,True
466,2004-02-17 05:32:39,10.912233835825694,True
467,2004-02-17 05:42:39,11.587799718488878,True
468,2004-02-17 05:52:39,11.43110684587022,True
469,2004-02-17 06:02:39,12.281052482588587,True
470,2004-02-17 06:12:39,11.11980845301495,True
471,2004-02-17 06:22:39,10.399863636303198,True
472,2004-02-17 06:32:39,11.875672099186772,True
473,2004-02-17 06:42:39,11.171020661126244,True
474,2004-02-17 06:52:39,10.196662722273945,True
475,2004-02-17 07:02:39,13.250153404686056,True
476,2004-02-17 07:12:39,13.903060183582204,True
477,2004-02-17 07:22:39,16.80390485413891,True
478,2004-02-17 07:32:39,34.4004034055024,True
479,2004-02-17 07:42:39,36.71420391368571,True
480,2004-02-17 07:52:39,35.954606909724056,True
481,2004-02-17 08:02:39,35.52778868508821,True
482,2004-02-17 08:12:39,34.38985007341281,True
483,2004-02-17 08:22:39,35.7809699389686,True
484,2004-02-17 08:32:39,35.13396165815727,True
485,2004-02-17 08:42:39,33.63010796322202,True
486,2004-02-17 08:52:39,36.34353354567352,True
487,2004-02-17 09:02:39,36.19255255271922,True
488,2004-02-17 09:12:39,34.220018342752766,True
489,2004-02-17 09:22:39,35.67844803404894,True
490,2004-02-17 09:32:39,35.46201674591273,True
491,2004-02-17 09:42:39,34.49472783427621,True
492,2004-02-17 09:52:39,33.06122470315255,True
493,2004-02-17 10:02:39,33.230608359023364,True
494,2004-02-17 10:12:39,33.60384418545933,True
495,2004-02-17 10:22:39,34.49650592250917,True
496,2004-02-17 10:32:39,33.08038505631815,True
497,2004-02-17 10:42:39,32.70778055231902,True
498,2004-02-17 10:52:39,32.228113010269745,True
499,2004-02-17 11:02:39,32.851156716015076,True
500,2004-02-17 11:12:39,33.317568384556445,True
501,2004-02-17 11:22:39,35.516655723692665,True
502,2004-02-17 11:32:39,35.01454660556123,True
503,2004-02-17 11:42:39,34.37120783947517,True
504,2004-02-17 11:52:39,33.15885488988156,True
505,2004-02-17 12:02:39,33.28666772416387,True
506,2004-02-17 12:12:39,34.411973317273784,True
507,2004-02-17 12:22:39,30.793552503155958,True
508,2004-02-17 12:32:39,32.42820346723981,True
509,2004-02-17 12:42:39,30.47623307158863,True
510,2004-02-17 12:52:39,31.645610676934016,True
511,2004-02-17 13:02:39,30.005789369372952,True
512,2004-02-17 13:12:39,30.08327606617342,True
513,2004-02-17 13:22:39,31.276338807416362,True
514,2004-02-17 13:32:39,26.89692838502414,True
515,2004-02-17 13:42:39,25.340386435955647,True
516,2004-02-17 13:52:39,29.160717608131705,True
517,2004-02-17 14:02:39,27.206262489383782,True
518,2004-02-17 14:12:39,27.20113162136194,True
519,2004-02-17 14:22:39,25.36173901876037,True
520,2004-02-17 14:32:39,26.311802748541442,True
521,2004-02-17 14:42:39,25.43093893824642,True
522,2004-02-17 14:52:39,26.203165745280796,True
523,2004-02-17 15:02:39,25.77888791216663,True
524,2004-02-17 15:12:39,27.034499103750147,True
525,2004-02-17 15:22:39,22.889990731568854,True
526,2004-02-17 15:32:39,26.308586372522598,True
527,2004-02-17 15:42:39,25.287609895307153,True
528,2004-02-17 15:52:39,23.973221467060906,True
529,2004-02-17 16:02:39,24.601730583785336,True
530,2004-02-17 16:12:39,24.217568776545132,True
531,2004-02-17 16:22:39,24.03796782122185,True
532,2004-02-17 16:32:39,21.26151455409972,True
533,2004-02-17 16:42:39,20.417893404554306,True
534,2004-02-17 16:52:39,21.53256710210488,True
535,2004-02-17 17:02:39,21.24663765479948,True
536,2004-02-17 17:12:39,19.16008798981103,True
537,2004-02-17 17:22:39,19.65146734897149,True
538,2004-02-17 17:32:39,20.27992914615511,True
539,2004-02-17 17:42:39,17.87918988793348,True
540,2004-02-17 17:52:39,16.851924152382523,True
541,2004-02-17 18:02:39,15.148293895423551,True
542,2004-02-17 18:12:39,16.087409851820755,True
543,2004-02-17 18:22:39,15.618092668462612,True
544,2004-02-17 18:32:39,17.399251051623395,True
545,2004-02-17 18:42:39,16.294618361741588,True
546,2004-02-17 18:52:39,15.731908643611142,True
547,2004-02-17 19:02:39,15.68226476745519,True
548,2004-02-17 19:12:39,15.498760481110375,True
549,2004-02-17 19:22:39,14.735463225213962,True
550,2004-02-17 19:32:39,13.968448834906265,True
551,2004-02-17 19:42:39,14.341295915425572,True
552,2004-02-17 19:52:39,15.688268066856365,True
553,2004-02-17 20:02:39,14.98370448597359,True
554,2004-02-17 20:12:39,14.3615649223032,True
555,2004-02-17 20:22:39,13.84163190165707,True
556,2004-02-17 20:32:39,14.325140070127096,True
557,2004-02-17 20:42:39,12.139067297599365,True
558,2004-02-17 20:52:39,14.018669740991964,True
559,2004-02-17 21:02:39,12.954552689028546,True
560,2004-02-17 21:12:39,12.499607710393422,True
561,2004-02-17 21:22:39,12.757005536961199,True
562,2004-02-17 21:32:39,13.696894893869457,True
563,2004-02-17 21:42:39,11.63667556603416,True
564,2004-02-17 21:52:39,13.991556770614492,True
565,2004-02-17 22:02:39,12.492857610939524,True
566,2004-02-17 22:12:39,12.948767223279466,True
567,2004-02-17 22:22:39,13.327508622942004,True
568,2004-02-17 22:32:39,12.769690964505795,True
569,2004-02-17 22:42:39,13.193951832315365,True
570,2004-02-17 22:52:39,14.706056602472556,True
571,2004-02-17 23:02:39,14.427669582824624,True
572,2004-02-17 23:12:39,13.289431034066098,True
573,2004-02-17 23:22:39,13.83946538758406,True
574,2004-02-17 23:32:39,12.220905243661996,True
575,2004-02-17 23:42:39,14.235354399955108,True
576,2004-02-17 23:52:39,14.192508470829123,True
577,2004-02-18 00:02:39,13.823376059117722,True
578,2004-02-18 00:12:39,14.230063089354466,True
579,2004-02-18 00:22:39,13.301778271897087,True
580,2004-02-18 00:32:39,15.580189712984085,True
581,2004-02-18 00:42:39,13.802761697007732,True
582,2004-02-18 00:52:39,14.545809888887716,True
583,2004-02-18 01:02:39,15.612797800252098,True
584,2004-02-18 01:12:39,16.986939655676238,True
585,2004-02-18 01:22:39,14.033898808205041,True
586,2004-02-18 01:32:39,14.742866181814877,True
587,2004-02-18 01:42:39,13.84275016221608,True
588,2004-02-18 01:52:39,15.012744994997277,True
589,2004-02-18 02:02:39,14.109264218721988,True
590,2004-02-18 02:12:39,15.074916795621315,True
591,2004-02-18 02:22:39,15.195285027920187,True
592,2004-02-18 02:32:39,15.602774164827078,True
593,2004-02-18 02:42:39,16.3781576296131,True
594,2004-02-18 02:52:39,14.637009551914753,True
595,2004-02-18 03:02:39,16.719737907121484,True
596,2004-02-18 03:12:39,16.844792077717504,True
597,2004-02-18 03:22:39,15.533793750519834,True
598,2004-02-18 03:32:39,17.110636870476473,True
599,2004-02-18 03:42:39,25.224665232000167,True
600,2004-02-18 03:52:39,26.03494287730973,True
601,2004-02-18 04:02:39,25.78102839815063,True
602,2004-02-18 04:12:39,28.12119216963427,True
603,2004-02-18 04:22:39,25.548123969385248,True
604,2004-02-18 04:32:39,28.625026287010314,True
605,2004-02-18 04:42:39,29.575743425251297,True
606,2004-02-18 04:52:39,28.191833897381244,True
607,2004-02-18 05:02:39,29.878158254623994,True
608,2004-02-18 05:12:39,29.539416491714423,True
609,2004-02-18 05:22:39,30.811038581031042,True
610,2004-02-18 05:32:39,30.509396031746242,True
611,2004-02-18 05:42:39,33.448686599374405,True
612,2004-02-18 05:52:39,32.11015136908959,True
613,2004-02-18 06:02:39,34.53109945747253,True
614,2004-02-18 06:12:39,35.39982607772555,True
615,2004-02-18 06:22:39,35.17420932085263,True
616,2004-02-18 06:32:39,36.296496004915205,True
617,2004-02-18 06:42:39,35.31542699680829,True
618,2004-02-18 06:52:39,36.46214135994767,True
619,2004-02-18 07:02:39,36.53826787713478,True
620,2004-02-18 07:12:39,36.631047134732896,True
621,2004-02-18 07:22:39,38.05959946624052,True
622,2004-02-18 07:32:39,36.621870619889144,True
623,2004-02-18 07:42:39,35.155859233909325,True
624,2004-02-18 07:52:39,38.97503097184936,True
625,2004-02-18 08:02:39,40.31279441348762,True
626,2004-02-18 08:12:39,39.6311334718157,True
627,2004-02-18 08:22:39,40.871854102796014,True
628,2004-02-18 08:32:39,38.70231838593848,True
629,2004-02-18 08:42:39,35.84776488822578,True
630,2004-02-18 08:52:39,35.22634184390217,True
631,2004-02-18 09:02:39,36.54956661693286,True
632,2004-02-18 09:12:39,38.34427606270985,True
633,2004-02-18 09:22:39,39.392814515836044,True
634,2004-02-18 09:32:39,36.59496657105157,True
635,2004-02-18 09:42:39,35.37563495736531,True
636,2004-02-18 09:52:39,36.75269283749755,True
637,2004-02-18 10:02:39,35.65062404318093,True
638,2004-02-18 10:12:39,39.38282770878779,True
639,2004-02-18 10:22:39,36.89520686845633,True
640,2004-02-18 10:32:39,36.349576516074855,True
641,2004-02-18 10:42:39,34.92499187769453,True
642,2004-02-18 10:52:39,34.0905727027049,True
643,2004-02-18 11:02:39,32.35502932239579,True
644,2004-02-18 11:12:39,31.67531032583634,True
645,2004-02-18 11:22:39,32.647364390633236,True
646,2004-02-18 11:32:39,32.61729685672471,True
647,2004-02-18 11:42:39,32.17897862316143,True
648,2004-02-18 11:52:39,39.8207233627282,True
649,2004-02-18 12:02:39,40.380423652811245,True
650,2004-02-18 12:12:39,38.726716614267815,True
651,2004-02-18 12:22:39,38.67082439823721,True
652,2004-02-18 12:32:39,38.427708906868475,True
653,2004-02-18 12:42:39,36.873302578240114,True
654,2004-02-18 12:52:39,35.54783626904421,True
655,2004-02-18 13:02:39,36.55084624880192,True
656,2004-02-18 13:12:39,38.252029565953684,True
657,2004-02-18 13:22:39,36.42832859014218,True
658,2004-02-18 13:32:39,36.222145016414224,True
659,2004-02-18 13:42:39,37.12230622697152,True
660,2004-02-18 13:52:39,38.315533252152804,True
661,2004-02-18 14:02:39,39.12491598624685,True
662,2004-02-18 14:12:39,39.059125369244406,True
663,2004-02-18 14:22:39,39.633810137199184,True
664,2004-02-18 14:32:39,38.56995508693795,True
665,2004-02-18 14:42:39,43.53739598667053,True
666,2004-02-18 14:52:39,39.787756808944614,True
667,2004-02-18 15:02:39,35.06223748908615,True
668,2004-02-18 15:12:39,35.375770536686,True
669,2004-02-18 15:22:39,34.13715597703072,True
670,2004-02-18 15:32:39,32.258449897795245,True
671,2004-02-18 15:42:39,32.25783906111043,True
672,2004-02-18 15:52:39,31.778373796158668,True
673,2004-02-18 16:02:39,30.42178250206511,True
674,2004-02-18 16:12:39,31.687602075156647,True
675,2004-02-18 16:22:39,30.735040982793677,True
676,2004-02-18 16:32:39,30.686700517383613,True
677,2004-02-18 16:42:39,34.94139092670861,True
678,2004-02-18 16:52:39,35.368633711725046,True
679,2004-02-18 17:02:39,41.42060533259436,True
680,2004-02-18 17:12:39,43.169614948087485,True
681,2004-02-18 17:22:39,48.55104284079468,True
682,2004-02-18 17:32:39,54.12997647325777,True
683,2004-02-18 17:42:39,54.83793680551678,True
684,2004-02-18 17:52:39,56.930499715404885,True
685,2004-02-18 18:02:39,55.54551040298141,True
686,2004-02-18 18:12:39,53.14584286667362,True
687,2004-02-18 18:22:39,49.86350910755743,True
688,2004-02-18 18:32:39,54.84778348524436,True
689,2004-02-18 18:42:39,53.89734539340002,True
690,2004-02-18 18:52:39,55.090674729779856,True
691,2004-02-18 19:02:39,61.92987296299005,True
692,2004-02-18 19:12:39,58.54592846540637,True
693,2004-02-18 19:22:39,56.53301436442463,True
694,2004-02-18 19:32:39,57.422242632916316,True
695,2004-02-18 19:42:39,56.994135851246156,True
696,2004-02-18 19:52:39,60.491132815916984,True
697,2004-02-18 20:02:39,60.684693677659666,True
698,2004-02-18 20:12:39,67.69767403920831,True
699,2004-02-18 20:22:39,68.05142279662543,True
700,2004-02-18 20:32:39,65.45485189836639,True
701,2004-02-18 20:42:39,65.69104973033174,True
702,2004-02-18 20:52:39,62.19345046278761,True
703,2004-02-18 21:02:39,57.27716897739192,True
704,2004-02-18 21:12:39,62.02544184861377,True
705,2004-02-18 21:22:39,68.43713492716503,True
706,2004-02-18 21:32:39,62.401057820671,True
707,2004-02-18 21:42:39,68.00402012484307,True
708,2004-02-18 21:52:39,73.65245621068135,True
709,2004-02-18 22:02:39,77.12776577800817,True
710,2004-02-18 22:12:39,84.33216999486717,True
711,2004-02-18 22:22:39,100.68215688396359,True
712,2004-02-18 22:32:39,78.71330410474894,True
713,2004-02-18 22:42:39,80.5411779036394,True
714,2004-02-18 22:52:39,82.61634724071644,True
715,2004-02-18 23:02:39,68.35875781806719,True
716,2004-02-18 23:12:39,68.52043541974503,True
717,2004-02-18 23:22:39,73.30688449761287,True
718,2004-02-18 23:32:39,72.97149451727115,True
719,2004-02-18 23:42:39,85.49089351366757,True
720,2004-02-18 23:52:39,80.68832902532442,True
721,2004-02-19 00:02:39,90.08566036994188,True
722,2004-02-19 00:12:39,82.79691050135018,True
723,2004-02-19 00:22:39,73.63796891326703,True
724,2004-02-19 00:32:39,67.56671371603184,True
725,2004-02-19 00:42:39,67.18995481728847,True
726,2004-02-19 00:52:39,83.53381967113857,True
727,2004-02-19 01:02:39,100.07175060806355,True
728,2004-02-19 01:12:39,108.07953395883543,True
729,2004-02-19 01:22:39,88.46697896431199,True
730,2004-02-19 01:32:39,104.29890039192789,True
731,2004-02-19 01:42:39,83.7971598740837,True
732,2004-02-19 01:52:39,93.43692577447547,True
733,2004-02-19 02:02:39,84.82283926323574,True
734,2004-02-19 02:12:39,112.47995466436332,True
735,2004-02-19 02:22:39,85.33350149258571,True
736,2004-02-19 02:32:39,112.70649967557584,True
737,2004-02-19 02:42:39,139.14683508956838,True
738,2004-02-19 02:52:39,132.5144046200844,True
739,2004-02-19 03:02:39,110.55677957076378,True
740,2004-02-19 03:12:39,110.96035509176416,True
741,2004-02-19 03:22:39,149.81879324645317,True
742,2004-02-19 03:32:39,152.5490798480354,True
743,2004-02-19 03:42:39,179.28387934837542,True
744,2004-02-19 03:52:39,152.4874101141244,True
745,2004-02-19 04:02:39,162.2157005854694,True
746,2004-02-19 04:12:39,193.08282685520774,True
747,2004-02-19 04:22:39,209.71088564219357,True
748,2004-02-19 04:32:39,189.62124476069388,True
749,2004-02-19 04:42:39,147.2135123668709,True
750,2004-02-19 04:52:39,216.86009222151637,True
751,2004-02-19 05:02:39,256.28101599909695,True
752,2004-02-19 05:12:39,228.59643344354419,True
753,2004-02-19 05:22:39,228.26394911898203,True
754,2004-02-19 05:32:39,209.9114585583576,True
755,2004-02-19 05:42:39,295.6726543705739,True
756,2004-02-19 05:52:39,208.3198585692612,True
757,2004-02-19 06:02:39,229.26341307450127,True
758,2004-02-19 06:12:39,105.69349033225079,True
759,2004-02-19 06:22:39,107.27540116110501,True
